"","Tournament_Game","Year","Month","Day","Team1_Score","Team2_Score","Team1_Seed","Team1","Team2_Seed","Team2"
"1","NCAA, East - First Round","2011","3","15",70,52,12,"Clemson",12,"UAB"
"2","NCAA, Southeast - First Round","2011","3","15",81,77,16,"UNC Asheville",16,"Little Rock"
"3","NCAA, Southwest - First Round","2011","3","16",59,46,11,"VCU",11,"USC"
"4","NCAA, East - First Round","2011","3","16",70,61,16,"UTSA",16,"Alabama State"
"5","NCAA, Southeast - Second Round","2011","3","17",74,51,1,"Pitt",16,"UNC Asheville"
"6","NCAA, Southeast - Second Round","2011","3","17",79,51,2,"Florida",15,"UCSB"
"7","NCAA, West - Second Round","2011","3","17",68,50,2,"San Diego State",15,"Northern Colorado"
"8","NCAA, West - Second Round","2011","3","17",81,52,3,"UConn",14,"Bucknell"
"9","NCAA, Southeast - Second Round","2011","3","17",66,74,14,"Wofford",3,"BYU"
"10","NCAA, Southwest - Second Round","2011","3","17",62,61,13,"Morehead State",4,"Louisville"
"11","NCAA, East - Second Round","2011","3","17",57,59,13,"Princeton",4,"Kentucky"
"12","NCAA, Southeast - Second Round","2011","3","17",72,58,4,"Wisconsin",13,"Belmont"
"13","NCAA, Southeast - Second Round","2011","3","17",68,73,12,"Utah State",5,"Kansas State"
"14","NCAA, Southwest - Second Round","2011","3","17",66,69,5,"Vanderbilt",12,"Richmond"
"15","NCAA, East - Second Round","2011","3","17",84,76,5,"West Virginia",12,"Clemson"
"16","NCAA, West - Second Round","2011","3","17",63,78,11,"Missouri",6,"Cincinnati"
"17","NCAA, Southeast - Second Round","2011","3","17",71,86,6,"St Johns NY",11,"Gonzaga"
"18","NCAA, West - Second Round","2011","3","17",66,64,7,"Temple",10,"Penn State"
"19","NCAA, Southeast - Second Round","2011","3","17",78,76,7,"UCLA",10,"Michigan State"
"20","NCAA, Southeast - Second Round","2011","3","17",58,60,9,"Old Dominion",8,"Butler"
"21","NCAA, West - Second Round","2011","3","18",45,87,16,"Hampton",1,"Duke"
"22","NCAA, Southwest - Second Round","2011","3","18",72,53,1,"Kansas",16,"Boston University"
"23","NCAA, East - Second Round","2011","3","18",46,75,16,"UTSA",1,"Ohio State"
"24","NCAA, East - Second Round","2011","3","18",102,87,2,"UNC",15,"LIU"
"25","NCAA, Southwest - Second Round","2011","3","18",69,56,2,"Notre Dame",15,"Akron"
"26","NCAA, Southwest - Second Round","2011","3","18",43,65,14,"St Peters",3,"Purdue"
"27","NCAA, East - Second Round","2011","3","18",77,60,3,"Syracuse",14,"Indiana State"
"28","NCAA, West - Second Round","2011","3","18",85,81,4,"Texas",13,"Oakland"
"29","NCAA, West - Second Round","2011","3","18",75,77,12,"Memphis",5,"Arizona"
"30","NCAA, Southwest - Second Round","2011","3","18",74,56,11,"VCU",6,"Georgetown"
"31","NCAA, East - Second Round","2011","3","18",55,66,6,"Xavier",11,"Marquette"
"32","NCAA, Southwest - Second Round","2011","3","18",50,57,7,"Texas AM",10,"Florida State"
"33","NCAA, East - Second Round","2011","3","18",68,65,7,"Washington",10,"Georgia"
"34","NCAA, Southwest - Second Round","2011","3","18",62,73,8,"UNLV",9,"Illinois"
"35","NCAA, West - Second Round","2011","3","18",45,75,9,"Tennessee",8,"Michigan"
"36","NCAA, East - Second Round","2011","3","18",57,61,9,"Villanova",8,"George Mason"
"37","NCAA, Southeast - Third Round","2011","3","19",70,71,1,"Pitt",8,"Butler"
"38","NCAA, West - Third Round","2011","3","19",64,71,7,"Temple",2,"San Diego State"
"39","NCAA, Southeast - Third Round","2011","3","19",65,73,7,"UCLA",2,"Florida"
"40","NCAA, West - Third Round","2011","3","19",69,58,3,"UConn",6,"Cincinnati"
"41","NCAA, Southeast - Third Round","2011","3","19",67,89,11,"Gonzaga",3,"BYU"
"42","NCAA, East - Third Round","2011","3","19",63,71,5,"West Virginia",4,"Kentucky"
"43","NCAA, Southeast - Third Round","2011","3","19",70,65,4,"Wisconsin",5,"Kansas State"
"44","NCAA, Southwest - Third Round","2011","3","19",65,48,12,"Richmond",13,"Morehead State"
"45","NCAA, Southwest - Third Round","2011","3","20",73,59,1,"Kansas",9,"Illinois"
"46","NCAA, West - Third Round","2011","3","20",71,73,8,"Michigan",1,"Duke"
"47","NCAA, East - Third Round","2011","3","20",98,66,1,"Ohio State",8,"George Mason"
"48","NCAA, Southwest - Third Round","2011","3","20",57,71,2,"Notre Dame",10,"Florida State"
"49","NCAA, East - Third Round","2011","3","20",83,86,7,"Washington",2,"UNC"
"50","NCAA, East - Third Round","2011","3","20",62,66,3,"Syracuse",11,"Marquette"
"51","NCAA, Southwest - Third Round","2011","3","20",94,76,11,"VCU",3,"Purdue"
"52","NCAA, West - Third Round","2011","3","20",69,70,4,"Texas",5,"Arizona"
"53","NCAA, West - Regional Semifinal","2011","3","24",77,93,1,"Duke",5,"Arizona"
"54","NCAA, Southeast - Regional Semifinal","2011","3","24",83,74,2,"Florida",3,"BYU"
"55","NCAA, West - Regional Semifinal","2011","3","24",67,74,2,"San Diego State",3,"UConn"
"56","NCAA, Southeast - Regional Semifinal","2011","3","24",54,61,4,"Wisconsin",8,"Butler"
"57","NCAA, East - Regional Semifinal","2011","3","25",60,62,1,"Ohio State",4,"Kentucky"
"58","NCAA, Southwest - Regional Semifinal","2011","3","25",57,77,12,"Richmond",1,"Kansas"
"59","NCAA, East - Regional Semifinal","2011","3","25",81,63,2,"UNC",11,"Marquette"
"60","NCAA, Southwest - Regional Semifinal","2011","3","25",72,71,11,"VCU",10,"Florida State"
"61","NCAA, Southeast - Regional Final","2011","3","26",71,74,2,"Florida",8,"Butler"
"62","NCAA, West - Regional Final","2011","3","26",65,63,3,"UConn",5,"Arizona"
"63","NCAA, Southwest - Regional Final","2011","3","27",71,61,11,"VCU",1,"Kansas"
"64","NCAA, East - Regional Final","2011","3","27",69,76,2,"UNC",4,"Kentucky"
"65","NCAA, National - National Semifinal","2011","4","2",55,56,4,"Kentucky",3,"UConn"
"66","NCAA, National - National Semifinal","2011","4","2",62,70,11,"VCU",8,"Butler"
"67","NCAA, National - National Final","2011","4","4",53,41,3,"UConn",8,"Butler"
"68","NCAA, West - First Round","2012","3","13",72,78,14,"Iona",14,"BYU"
"69","NCAA, South - First Round","2012","3","13",59,58,16,"Western Kentucky",16,"Mississippi Valley State"
"70","NCAA, Midwest - First Round","2012","3","14",65,54,12,"South Florida",12,"California"
"71","NCAA, Midwest - First Round","2012","3","14",71,59,16,"Vermont",16,"Lamar"
"72","NCAA, East - Second Round","2012","3","15",72,65,1,"Syracuse",16,"UNC Asheville"
"73","NCAA, South - Second Round","2012","3","15",66,81,16,"Western Kentucky",1,"Kentucky"
"74","NCAA, East - Second Round","2012","3","15",78,59,2,"Ohio State",15,"Loyola MD"
"75","NCAA, West - Second Round","2012","3","15",88,68,3,"Marquette",14,"BYU"
"76","NCAA, South - Second Round","2012","3","15",60,68,14,"South Dakota State",3,"Baylor"
"77","NCAA, West - Second Round","2012","3","15",69,62,4,"Louisville",13,"Davidson"
"78","NCAA, South - Second Round","2012","3","15",66,79,13,"New Mexico State",4,"Indiana"
"79","NCAA, East - Second Round","2012","3","15",73,49,4,"Wisconsin",13,"Montana"
"80","NCAA, West - Second Round","2012","3","15",75,68,5,"New Mexico",12,"Long Beach State"
"81","NCAA, East - Second Round","2012","3","15",79,70,5,"Vanderbilt",12,"Harvard"
"82","NCAA, South - Second Round","2012","3","15",59,62,5,"Wichita State",12,"VCU"
"83","NCAA, West - Second Round","2012","3","15",58,41,6,"Murray State",11,"Colorado State"
"84","NCAA, South - Second Round","2012","3","15",64,68,6,"UNLV",11,"Colorado"
"85","NCAA, East - Second Round","2012","3","15",54,77,10,"West Virginia",7,"Gonzaga"
"86","NCAA, South - Second Round","2012","3","15",77,64,8,"Iowa State",9,"UConn"
"87","NCAA, East - Second Round","2012","3","15",64,70,9,"Southern Miss",8,"Kansas State"
"88","NCAA, West - Second Round","2012","3","16",89,67,1,"Michigan State",16,"LIU"
"89","NCAA, Midwest - Second Round","2012","3","16",58,77,16,"Vermont",1,"UNC"
"90","NCAA, Midwest - Second Round","2012","3","16",65,50,2,"Kansas",15,"Detroit"
"91","NCAA, South - Second Round","2012","3","16",75,70,15,"Lehigh",2,"Duke"
"92","NCAA, West - Second Round","2012","3","16",86,84,15,"Norfolk State",2,"Missouri"
"93","NCAA, Midwest - Second Round","2012","3","16",74,59,3,"Georgetown",14,"Belmont"
"94","NCAA, East - Second Round","2012","3","16",63,66,14,"St Bonaventure",3,"Florida State"
"95","NCAA, Midwest - Second Round","2012","3","16",65,60,13,"Ohio",4,"Michigan"
"96","NCAA, Midwest - Second Round","2012","3","16",44,58,5,"Temple",12,"South Florida"
"97","NCAA, Midwest - Second Round","2012","3","16",65,79,6,"San Diego State",11,"NC State"
"98","NCAA, East - Second Round","2012","3","16",59,65,11,"Texas",6,"Cincinnati"
"99","NCAA, Midwest - Second Round","2012","3","16",69,72,7,"Saint Marys",10,"Purdue"
"100","NCAA, West - Second Round","2012","3","16",45,71,10,"Virginia",7,"Florida"
"101","NCAA, South - Second Round","2012","3","16",67,63,10,"Xavier",7,"Notre Dame"
"102","NCAA, Midwest - Second Round","2012","3","16",58,57,8,"Creighton",9,"Alabama"
"103","NCAA, West - Second Round","2012","3","16",61,54,9,"Saint Louis",8,"Memphis"
"104","NCAA, South - Third Round","2012","3","17",87,71,1,"Kentucky",8,"Iowa State"
"105","NCAA, East - Third Round","2012","3","17",75,59,1,"Syracuse",8,"Kansas State"
"106","NCAA, East - Third Round","2012","3","17",73,66,2,"Ohio State",7,"Gonzaga"
"107","NCAA, South - Third Round","2012","3","17",63,80,11,"Colorado",3,"Baylor"
"108","NCAA, West - Third Round","2012","3","17",53,62,6,"Murray State",3,"Marquette"
"109","NCAA, West - Third Round","2012","3","17",56,59,5,"New Mexico",4,"Louisville"
"110","NCAA, South - Third Round","2012","3","17",61,63,12,"VCU",4,"Indiana"
"111","NCAA, East - Third Round","2012","3","17",60,57,4,"Wisconsin",5,"Vanderbilt"
"112","NCAA, Midwest - Third Round","2012","3","18",87,73,1,"UNC",8,"Creighton"
"113","NCAA, West - Third Round","2012","3","18",61,65,9,"Saint Louis",1,"Michigan State"
"114","NCAA, Midwest - Third Round","2012","3","18",60,63,10,"Purdue",2,"Kansas"
"115","NCAA, East - Third Round","2012","3","18",56,62,3,"Florida State",6,"Cincinnati"
"116","NCAA, Midwest - Third Round","2012","3","18",66,63,11,"NC State",3,"Georgetown"
"117","NCAA, West - Third Round","2012","3","18",50,84,15,"Norfolk State",7,"Florida"
"118","NCAA, South - Third Round","2012","3","18",70,58,10,"Xavier",15,"Lehigh"
"119","NCAA, Midwest - Third Round","2012","3","18",56,62,12,"South Florida",13,"Ohio"
"120","NCAA, West - Regional Semifinal","2012","3","22",44,57,1,"Michigan State",4,"Louisville"
"121","NCAA, East - Regional Semifinal","2012","3","22",63,64,4,"Wisconsin",1,"Syracuse"
"122","NCAA, East - Regional Semifinal","2012","3","22",81,66,2,"Ohio State",6,"Cincinnati"
"123","NCAA, West - Regional Semifinal","2012","3","22",58,68,3,"Marquette",7,"Florida"
"124","NCAA, South - Regional Semifinal","2012","3","23",102,90,1,"Kentucky",4,"Indiana"
"125","NCAA, Midwest - Regional Semifinal","2012","3","23",65,73,13,"Ohio",1,"UNC"
"126","NCAA, Midwest - Regional Semifinal","2012","3","23",57,60,11,"NC State",2,"Kansas"
"127","NCAA, South - Regional Semifinal","2012","3","23",70,75,10,"Xavier",3,"Baylor"
"128","NCAA, East - Regional Final","2012","3","24",70,77,1,"Syracuse",2,"Ohio State"
"129","NCAA, West - Regional Final","2012","3","24",72,68,4,"Louisville",7,"Florida"
"130","NCAA, South - Regional Final","2012","3","25",82,70,1,"Kentucky",3,"Baylor"
"131","NCAA, Midwest - Regional Final","2012","3","25",67,80,1,"UNC",2,"Kansas"
"132","NCAA, National - National Semifinal","2012","3","31",61,69,4,"Louisville",1,"Kentucky"
"133","NCAA, National - National Semifinal","2012","3","31",62,64,2,"Ohio State",2,"Kansas"
"134","NCAA, National - National Final","2012","4","2",67,59,1,"Kentucky",2,"Kansas"
"135","NCAA, Midwest - First Round","2013","3","19",67,54,11,"Saint Marys",11,"Middle Tennessee"
"136","NCAA, Midwest - First Round","2013","3","19",73,72,16,"North Carolina AT",16,"Liberty"
"137","NCAA, West - First Round","2013","3","20",80,71,13,"La Salle",13,"Boise State"
"138","NCAA, East - First Round","2013","3","20",55,68,16,"LIU",16,"James Madison"
"139","NCAA, Midwest - Second Round","2013","3","21",48,79,16,"North Carolina AT",1,"Louisville"
"140","NCAA, West - Second Round","2013","3","21",58,64,16,"Southern",1,"Gonzaga"
"141","NCAA, East - Second Round","2013","3","21",59,58,3,"Marquette",14,"Davidson"
"142","NCAA, West - Second Round","2013","3","21",62,68,3,"New Mexico",14,"Harvard"
"143","NCAA, Midwest - Second Round","2013","3","21",54,65,14,"Valparaiso",3,"Michigan State"
"144","NCAA, Midwest - Second Round","2013","3","21",64,44,4,"Saint Louis",13,"New Mexico State"
"145","NCAA, South - Second Round","2013","3","21",56,71,13,"South Dakota State",4,"Michigan"
"146","NCAA, East - Second Round","2013","3","21",81,34,4,"Syracuse",13,"Montana"
"147","NCAA, East - Second Round","2013","3","21",61,64,5,"UNLV",12,"California"
"148","NCAA, Midwest - Second Round","2013","3","21",68,55,12,"Oregon",5,"Oklahoma State"
"149","NCAA, South - Second Round","2013","3","21",88,42,5,"VCU",12,"Akron"
"150","NCAA, West - Second Round","2013","3","21",64,81,11,"Belmont",6,"Arizona"
"151","NCAA, East - Second Round","2013","3","21",68,56,6,"Butler",11,"Bucknell"
"152","NCAA, Midwest - Second Round","2013","3","21",52,54,11,"Saint Marys",6,"Memphis"
"153","NCAA, Midwest - Second Round","2013","3","21",72,84,9,"Missouri",8,"Colorado State"
"154","NCAA, West - Second Round","2013","3","21",73,55,9,"Wichita State",8,"Pitt"
"155","NCAA, East - Second Round","2013","3","22",62,83,16,"James Madison",1,"Indiana"
"156","NCAA, South - Second Round","2013","3","22",57,64,16,"Western Kentucky",1,"Kansas"
"157","NCAA, Midwest - Second Round","2013","3","22",73,61,2,"Duke",15,"Albany NY"
"158","NCAA, South - Second Round","2013","3","22",68,78,2,"Georgetown",15,"Florida Gulf Coast"
"159","NCAA, West - Second Round","2013","3","22",95,70,2,"Ohio State",15,"Iona"
"160","NCAA, East - Second Round","2013","3","22",49,78,15,"Pacific",2,"Miami FL"
"161","NCAA, South - Second Round","2013","3","22",47,79,14,"Northwestern State",3,"Florida"
"162","NCAA, West - Second Round","2013","3","22",63,61,13,"La Salle",4,"Kansas State"
"163","NCAA, West - Second Round","2013","3","22",46,57,5,"Wisconsin",12,"Ole Miss"
"164","NCAA, South - Second Round","2013","3","22",63,83,6,"UCLA",11,"Minnesota"
"165","NCAA, Midwest - Second Round","2013","3","22",67,63,7,"Creighton",10,"Cincinnati"
"166","NCAA, East - Second Round","2013","3","22",57,49,7,"Illinois",10,"Colorado"
"167","NCAA, West - Second Round","2013","3","22",58,76,7,"Notre Dame",10,"Iowa State"
"168","NCAA, South - Second Round","2013","3","22",70,55,7,"San Diego State",10,"Oklahoma"
"169","NCAA, East - Second Round","2013","3","22",76,72,9,"Temple",8,"NC State"
"170","NCAA, South - Second Round","2013","3","22",71,78,9,"Villanova",8,"UNC"
"171","NCAA, Midwest - Third Round","2013","3","23",82,56,1,"Louisville",8,"Colorado State"
"172","NCAA, West - Third Round","2013","3","23",76,70,9,"Wichita State",1,"Gonzaga"
"173","NCAA, East - Third Round","2013","3","23",74,72,3,"Marquette",6,"Butler"
"174","NCAA, Midwest - Third Round","2013","3","23",70,48,3,"Michigan State",6,"Memphis"
"175","NCAA, Midwest - Third Round","2013","3","23",57,74,4,"Saint Louis",12,"Oregon"
"176","NCAA, East - Third Round","2013","3","23",66,60,4,"Syracuse",12,"California"
"177","NCAA, South - Third Round","2013","3","23",53,78,5,"VCU",4,"Michigan"
"178","NCAA, West - Third Round","2013","3","23",51,74,14,"Harvard",6,"Arizona"
"179","NCAA, South - Third Round","2013","3","24",58,70,8,"UNC",1,"Kansas"
"180","NCAA, East - Third Round","2013","3","24",52,58,9,"Temple",1,"Indiana"
"181","NCAA, Midwest - Third Round","2013","3","24",66,50,2,"Duke",7,"Creighton"
"182","NCAA, East - Third Round","2013","3","24",63,59,2,"Miami FL",7,"Illinois"
"183","NCAA, West - Third Round","2013","3","24",78,75,2,"Ohio State",10,"Iowa State"
"184","NCAA, South - Third Round","2013","3","24",64,78,11,"Minnesota",3,"Florida"
"185","NCAA, South - Third Round","2013","3","24",71,81,7,"San Diego State",15,"Florida Gulf Coast"
"186","NCAA, West - Third Round","2013","3","24",74,76,12,"Ole Miss",13,"La Salle"
"187","NCAA, East - Regional Semifinal","2013","3","28",61,50,4,"Syracuse",1,"Indiana"
"188","NCAA, East - Regional Semifinal","2013","3","28",61,71,2,"Miami FL",3,"Marquette"
"189","NCAA, West - Regional Semifinal","2013","3","28",73,70,2,"Ohio State",6,"Arizona"
"190","NCAA, West - Regional Semifinal","2013","3","28",72,58,9,"Wichita State",13,"La Salle"
"191","NCAA, South - Regional Semifinal","2013","3","29",87,85,4,"Michigan",1,"Kansas"
"192","NCAA, Midwest - Regional Semifinal","2013","3","29",69,77,12,"Oregon",1,"Louisville"
"193","NCAA, Midwest - Regional Semifinal","2013","3","29",61,71,3,"Michigan State",2,"Duke"
"194","NCAA, South - Regional Semifinal","2013","3","29",50,62,15,"Florida Gulf Coast",3,"Florida"
"195","NCAA, West - Regional Final","2013","3","30",70,66,9,"Wichita State",2,"Ohio State"
"196","NCAA, East - Regional Final","2013","3","30",55,39,4,"Syracuse",3,"Marquette"
"197","NCAA, Midwest - Regional Final","2013","3","31",85,63,1,"Louisville",2,"Duke"
"198","NCAA, South - Regional Final","2013","3","31",79,59,4,"Michigan",3,"Florida"
"199","NCAA, National - National Semifinal","2013","4","6",68,72,9,"Wichita State",1,"Louisville"
"200","NCAA, National - National Semifinal","2013","4","6",56,61,4,"Syracuse",4,"Michigan"
"201","NCAA, National - National Final","2013","4","8",76,82,4,"Michigan",1,"Louisville"
"202","NCAA, Midwest - First Round","2014","3","18",59,74,12,"Xavier",12,"NC State"
"203","NCAA, South - First Round","2014","3","18",64,71,16,"Mount St Marys",16,"Albany NY"
"204","NCAA, Midwest - First Round","2014","3","19",78,65,11,"Tennessee",11,"Iowa"
"205","NCAA, Midwest - First Round","2014","3","19",69,81,16,"Texas Southern",16,"Cal Poly"
"206","NCAA, South - Second Round","2014","3","20",67,55,1,"Florida",16,"Albany NY"
"207","NCAA, East - Second Round","2014","3","20",73,53,2,"Villanova",15,"Milwaukee"
"208","NCAA, West - Second Round","2014","3","20",75,35,2,"Wisconsin",15,"American"
"209","NCAA, Midwest - Second Round","2014","3","20",40,57,15,"Wofford",2,"Michigan"
"210","NCAA, South - Second Round","2014","3","20",53,77,14,"Western Michigan",3,"Syracuse"
"211","NCAA, Midwest - Second Round","2014","3","20",64,71,13,"Manhattan",4,"Louisville"
"212","NCAA, East - Second Round","2014","3","20",93,78,4,"Michigan State",13,"Delaware"
"213","NCAA, West - Second Round","2014","3","20",73,69,4,"San Diego State",13,"New Mexico State"
"214","NCAA, East - Second Round","2014","3","20",61,57,12,"Harvard",5,"Cincinnati"
"215","NCAA, West - Second Round","2014","3","20",75,80,5,"Oklahoma",12,"North Dakota State"
"216","NCAA, Midwest - Second Round","2014","3","20",83,80,5,"Saint Louis",12,"NC State"
"217","NCAA, South - Second Round","2014","3","20",59,60,6,"Ohio State",11,"Dayton"
"218","NCAA, West - Second Round","2014","3","20",87,68,7,"Oregon",10,"BYU"
"219","NCAA, East - Second Round","2014","3","20",81,89,10,"St Josephs",7,"UConn"
"220","NCAA, Midwest - Second Round","2014","3","20",87,85,7,"Texas",10,"Arizona State"
"221","NCAA, South - Second Round","2014","3","20",77,48,9,"Pitt",8,"Colorado"
"222","NCAA, East - Second Round","2014","3","21",70,59,1,"Virginia",16,"Coastal Carolina"
"223","NCAA, West - Second Round","2014","3","21",59,68,16,"Weber State",1,"Arizona"
"224","NCAA, Midwest - Second Round","2014","3","21",64,37,1,"Wichita State",16,"Cal Poly"
"225","NCAA, South - Second Round","2014","3","21",80,69,2,"Kansas",15,"Eastern Kentucky"
"226","NCAA, West - Second Round","2014","3","21",66,76,14,"Louisiana",3,"Creighton"
"227","NCAA, Midwest - Second Round","2014","3","21",78,71,14,"Mercer",3,"Duke"
"228","NCAA, East - Second Round","2014","3","21",75,93,14,"North Carolina Central",3,"Iowa State"
"229","NCAA, South - Second Round","2014","3","21",76,59,4,"UCLA",13,"Tulsa"
"230","NCAA, South - Second Round","2014","3","21",75,77,5,"VCU",12,"Stephen F Austin"
"231","NCAA, West - Second Round","2014","3","21",60,74,11,"Nebraska",6,"Baylor"
"232","NCAA, East - Second Round","2014","3","21",77,79,11,"Providence",6,"UNC"
"233","NCAA, Midwest - Second Round","2014","3","21",86,67,11,"Tennessee",6,"UMass"
"234","NCAA, South - Second Round","2014","3","21",58,53,10,"Stanford",7,"New Mexico"
"235","NCAA, Midwest - Second Round","2014","3","21",56,49,8,"Kentucky",9,"Kansas State"
"236","NCAA, East - Second Round","2014","3","21",71,66,8,"Memphis",9,"George Washington"
"237","NCAA, West - Second Round","2014","3","21",77,85,9,"Oklahoma State",8,"Gonzaga"
"238","NCAA, South - Third Round","2014","3","22",45,61,9,"Pitt",1,"Florida"
"239","NCAA, Midwest - Third Round","2014","3","22",65,79,7,"Texas",2,"Michigan"
"240","NCAA, East - Third Round","2014","3","22",65,77,2,"Villanova",7,"UConn"
"241","NCAA, West - Third Round","2014","3","22",85,77,2,"Wisconsin",7,"Oregon"
"242","NCAA, South - Third Round","2014","3","22",53,55,3,"Syracuse",11,"Dayton"
"243","NCAA, East - Third Round","2014","3","22",80,73,4,"Michigan State",12,"Harvard"
"244","NCAA, Midwest - Third Round","2014","3","22",51,66,5,"Saint Louis",4,"Louisville"
"245","NCAA, West - Third Round","2014","3","22",63,44,4,"San Diego State",12,"North Dakota State"
"246","NCAA, West - Third Round","2014","3","23",61,84,8,"Gonzaga",1,"Arizona"
"247","NCAA, East - Third Round","2014","3","23",78,60,1,"Virginia",8,"Memphis"
"248","NCAA, Midwest - Third Round","2014","3","23",76,78,1,"Wichita State",8,"Kentucky"
"249","NCAA, South - Third Round","2014","3","23",60,57,10,"Stanford",2,"Kansas"
"250","NCAA, West - Third Round","2014","3","23",55,85,3,"Creighton",6,"Baylor"
"251","NCAA, East - Third Round","2014","3","23",83,85,6,"UNC",3,"Iowa State"
"252","NCAA, South - Third Round","2014","3","23",77,60,4,"UCLA",12,"Stephen F Austin"
"253","NCAA, Midwest - Third Round","2014","3","23",83,63,11,"Tennessee",14,"Mercer"
"254","NCAA, West - Regional Semifinal","2014","3","27",64,70,4,"San Diego State",1,"Arizona"
"255","NCAA, South - Regional Semifinal","2014","3","27",68,79,4,"UCLA",1,"Florida"
"256","NCAA, West - Regional Semifinal","2014","3","27",69,52,2,"Wisconsin",6,"Baylor"
"257","NCAA, South - Regional Semifinal","2014","3","27",72,82,10,"Stanford",11,"Dayton"
"258","NCAA, East - Regional Semifinal","2014","3","28",59,61,1,"Virginia",4,"Michigan State"
"259","NCAA, Midwest - Regional Semifinal","2014","3","28",71,73,11,"Tennessee",2,"Michigan"
"260","NCAA, East - Regional Semifinal","2014","3","28",76,81,3,"Iowa State",7,"UConn"
"261","NCAA, Midwest - Regional Semifinal","2014","3","28",69,74,4,"Louisville",8,"Kentucky"
"262","NCAA, South - Regional Final","2014","3","29",62,52,1,"Florida",11,"Dayton"
"263","NCAA, West - Regional Final","2014","3","29",64,63,2,"Wisconsin",1,"Arizona"
"264","NCAA, Midwest - Regional Final","2014","3","30",72,75,2,"Michigan",8,"Kentucky"
"265","NCAA, East - Regional Final","2014","3","30",54,60,4,"Michigan State",7,"UConn"
"266","NCAA, National - National Semifinal","2014","4","5",53,63,1,"Florida",7,"UConn"
"267","NCAA, National - National Semifinal","2014","4","5",73,74,2,"Wisconsin",8,"Kentucky"
"268","NCAA, National - National Final","2014","4","7",54,60,8,"Kentucky",7,"UConn"
"269","NCAA, West - First Round","2015","3","17",94,90,11,"Ole Miss",11,"BYU"
"270","NCAA, Midwest - First Round","2015","3","17",64,74,16,"Manhattan",16,"Hampton"
"271","NCAA, East - First Round","2015","3","18",56,55,11,"Dayton",11,"Boise State"
"272","NCAA, South - First Round","2015","3","18",81,77,16,"Robert Morris",16,"North Florida"
"273","NCAA, Midwest - Second Round","2015","3","19",79,56,1,"Kentucky",16,"Hampton"
"274","NCAA, East - Second Round","2015","3","19",93,52,1,"Villanova",16,"Lafayette"
"275","NCAA, West - Second Round","2015","3","19",72,93,15,"Texas Southern",2,"Arizona"
"276","NCAA, West - Second Round","2015","3","19",57,56,14,"Georgia State",3,"Baylor"
"277","NCAA, South - Second Round","2015","3","19",59,60,3,"Iowa State",14,"UAB"
"278","NCAA, Midwest - Second Round","2015","3","19",69,65,3,"Notre Dame",14,"Northeastern"
"279","NCAA, South - Second Round","2015","3","19",84,74,4,"Georgetown",13,"Eastern Washington"
"280","NCAA, West - Second Round","2015","3","19",67,65,4,"UNC",13,"Harvard"
"281","NCAA, South - Second Round","2015","3","19",57,50,5,"Utah",12,"Stephen F Austin"
"282","NCAA, West - Second Round","2015","3","19",53,56,12,"Wofford",5,"Arkansas"
"283","NCAA, Midwest - Second Round","2015","3","19",48,56,11,"Texas",6,"Butler"
"284","NCAA, South - Second Round","2015","3","19",60,59,11,"UCLA",6,"SMU"
"285","NCAA, West - Second Round","2015","3","19",76,57,6,"Xavier",11,"Ole Miss"
"286","NCAA, West - Second Round","2015","3","19",72,75,7,"VCU",10,"Ohio State"
"287","NCAA, East - Second Round","2015","3","19",66,65,8,"NC State",9,"LSU"
"288","NCAA, Midwest - Second Round","2015","3","19",65,66,9,"Purdue",8,"Cincinnati"
"289","NCAA, South - Second Round","2015","3","20",56,85,16,"Robert Morris",1,"Duke"
"290","NCAA, West - Second Round","2015","3","20",86,72,1,"Wisconsin",16,"Coastal Carolina"
"291","NCAA, Midwest - Second Round","2015","3","20",56,75,15,"New Mexico State",2,"Kansas"
"292","NCAA, South - Second Round","2015","3","20",76,86,15,"North Dakota State",2,"Gonzaga"
"293","NCAA, East - Second Round","2015","3","20",79,67,2,"Virginia",15,"Belmont"
"294","NCAA, East - Second Round","2015","3","20",69,60,3,"Oklahoma",14,"Albany NY"
"295","NCAA, East - Second Round","2015","3","20",57,55,4,"Louisville",13,"UCIrvine"
"296","NCAA, Midwest - Second Round","2015","3","20",62,65,13,"Valparaiso",4,"Maryland"
"297","NCAA, Midwest - Second Round","2015","3","20",68,62,5,"West Virginia",12,"Buffalo"
"298","NCAA, East - Second Round","2015","3","20",54,71,12,"Wyoming",5,"Northern Iowa"
"299","NCAA, East - Second Round","2015","3","20",53,66,6,"Providence",11,"Dayton"
"300","NCAA, South - Second Round","2015","3","20",83,52,7,"Iowa",10,"Davidson"
"301","NCAA, East - Second Round","2015","3","20",70,63,7,"Michigan State",10,"Georgia"
"302","NCAA, Midwest - Second Round","2015","3","20",81,76,7,"Wichita State",10,"Indiana"
"303","NCAA, West - Second Round","2015","3","20",79,73,8,"Oregon",9,"Oklahoma State"
"304","NCAA, South - Second Round","2015","3","20",64,76,9,"St Johns NY",8,"San Diego State"
"305","NCAA, Midwest - Third Round","2015","3","21",64,51,1,"Kentucky",8,"Cincinnati"
"306","NCAA, East - Third Round","2015","3","21",68,71,1,"Villanova",8,"NC State"
"307","NCAA, West - Third Round","2015","3","21",58,73,10,"Ohio State",2,"Arizona"
"308","NCAA, Midwest - Third Round","2015","3","21",67,64,3,"Notre Dame",6,"Butler"
"309","NCAA, West - Third Round","2015","3","21",87,78,4,"UNC",5,"Arkansas"
"310","NCAA, South - Third Round","2015","3","21",75,64,5,"Utah",4,"Georgetown"
"311","NCAA, West - Third Round","2015","3","21",75,67,6,"Xavier",14,"Georgia State"
"312","NCAA, South - Third Round","2015","3","21",92,75,11,"UCLA",14,"UAB"
"313","NCAA, South - Third Round","2015","3","22",49,68,8,"San Diego State",1,"Duke"
"314","NCAA, West - Third Round","2015","3","22",72,65,1,"Wisconsin",8,"Oregon"
"315","NCAA, South - Third Round","2015","3","22",68,87,7,"Iowa",2,"Gonzaga"
"316","NCAA, East - Third Round","2015","3","22",54,60,2,"Virginia",7,"Michigan State"
"317","NCAA, Midwest - Third Round","2015","3","22",78,65,7,"Wichita State",2,"Kansas"
"318","NCAA, East - Third Round","2015","3","22",72,66,3,"Oklahoma",11,"Dayton"
"319","NCAA, East - Third Round","2015","3","22",53,66,5,"Northern Iowa",4,"Louisville"
"320","NCAA, Midwest - Third Round","2015","3","22",69,59,5,"West Virginia",4,"Maryland"
"321","NCAA, Midwest - Regional Semifinal","2015","3","26",39,78,5,"West Virginia",1,"Kentucky"
"322","NCAA, West - Regional Semifinal","2015","3","26",79,72,1,"Wisconsin",4,"UNC"
"323","NCAA, West - Regional Semifinal","2015","3","26",60,68,6,"Xavier",2,"Arizona"
"324","NCAA, Midwest - Regional Semifinal","2015","3","26",70,81,7,"Wichita State",3,"Notre Dame"
"325","NCAA, South - Regional Semifinal","2015","3","27",57,63,5,"Utah",1,"Duke"
"326","NCAA, South - Regional Semifinal","2015","3","27",62,74,11,"UCLA",2,"Gonzaga"
"327","NCAA, East - Regional Semifinal","2015","3","27",58,62,3,"Oklahoma",7,"Michigan State"
"328","NCAA, East - Regional Semifinal","2015","3","27",65,75,8,"NC State",4,"Louisville"
"329","NCAA, Midwest - Regional Final","2015","3","28",66,68,3,"Notre Dame",1,"Kentucky"
"330","NCAA, West - Regional Final","2015","3","28",85,78,1,"Wisconsin",2,"Arizona"
"331","NCAA, South - Regional Final","2015","3","29",52,66,2,"Gonzaga",1,"Duke"
"332","NCAA, East - Regional Final","2015","3","29",76,70,7,"Michigan State",4,"Louisville"
"333","NCAA, National - National Semifinal","2015","4","4",61,81,7,"Michigan State",1,"Duke"
"334","NCAA, National - National Semifinal","2015","4","4",71,64,1,"Wisconsin",1,"Kentucky"
"335","NCAA, National - National Final","2015","4","6",63,68,1,"Wisconsin",1,"Duke"
"336","NCAA, South - First Four","2016","3","15",70,50,11,"Wichita State",11,"Vanderbilt"
"337","NCAA, East - First Four","2016","3","15",65,96,16,"Fairleigh Dickinson",16,"Florida Gulf Coast"
"338","NCAA, East - First Four","2016","3","16",62,67,11,"Tulsa",11,"Michigan"
"339","NCAA, West - First Four","2016","3","16",55,59,16,"Southern",16,"Holy Cross"
"340","NCAA, South - First Round","2016","3","17",79,105,16,"Austin Peay",1,"Kansas"
"341","NCAA, East - First Round","2016","3","17",67,83,16,"Florida Gulf Coast",1,"UNC"
"342","NCAA, Midwest - First Round","2016","3","17",45,81,16,"Hampton",1,"Virginia"
"343","NCAA, South - First Round","2016","3","17",72,79,14,"Buffalo",3,"Miami FL"
"344","NCAA, Midwest - First Round","2016","3","17",69,80,14,"Fresno State",3,"Utah"
"345","NCAA, Midwest - First Round","2016","3","17",81,94,13,"Iona",4,"Iowa State"
"346","NCAA, West - First Round","2016","3","17",85,93,13,"UNC Wilmington",4,"Duke"
"347","NCAA, East - First Round","2016","3","17",57,85,13,"Stony Brook",4,"Kentucky"
"348","NCAA, Midwest - First Round","2016","3","17",85,83,12,"Little Rock",5,"Purdue"
"349","NCAA, East - First Round","2016","3","17",74,99,12,"Chattanooga",5,"Indiana"
"350","NCAA, West - First Round","2016","3","17",79,75,12,"Yale",5,"Baylor"
"351","NCAA, Midwest - First Round","2016","3","17",68,52,11,"Gonzaga",6,"Seton Hall"
"352","NCAA, South - First Round","2016","3","17",65,55,11,"Wichita State",6,"Arizona"
"353","NCAA, Midwest - First Round","2016","3","17",71,61,9,"Butler",8,"Texas Tech"
"354","NCAA, South - First Round","2016","3","17",74,67,9,"UConn",8,"Colorado"
"355","NCAA, East - First Round","2016","3","17",70,69,9,"Providence",8,"USC"
"356","NCAA, West - First Round","2016","3","18",52,91,16,"Holy Cross",1,"Oregon"
"357","NCAA, West - First Round","2016","3","18",68,82,15,"Cal State Bakersfield",2,"Oklahoma"
"358","NCAA, Midwest - First Round","2016","3","18",90,81,15,"Middle Tennessee",2,"Michigan State"
"359","NCAA, South - First Round","2016","3","18",56,86,15,"UNC Asheville",2,"Villanova"
"360","NCAA, East - First Round","2016","3","18",53,71,15,"Weber State",2,"Xavier"
"361","NCAA, West - First Round","2016","3","18",65,92,14,"Green Bay",3,"Texas AM"
"362","NCAA, East - First Round","2016","3","18",70,56,14,"Stephen F Austin",3,"West Virginia"
"363","NCAA, South - First Round","2016","3","18",77,66,13,"Hawaii",4,"California"
"364","NCAA, South - First Round","2016","3","18",74,79,12,"South Dakota State",5,"Maryland"
"365","NCAA, East - First Round","2016","3","18",63,70,11,"Michigan",6,"Notre Dame"
"366","NCAA, West - First Round","2016","3","18",75,72,11,"Northern Iowa",6,"Texas"
"367","NCAA, East - First Round","2016","3","18",43,47,10,"Pitt",7,"Wisconsin"
"368","NCAA, Midwest - First Round","2016","3","18",70,51,10,"Syracuse",7,"Dayton"
"369","NCAA, South - First Round","2016","3","18",70,72,10,"Temple",7,"Iowa"
"370","NCAA, West - First Round","2016","3","18",75,67,10,"VCU",7,"Oregon State"
"371","NCAA, West - First Round","2016","3","18",76,78,9,"Cincinnati",8,"St Josephs"
"372","NCAA, Midwest - Second Round","2016","3","19",69,77,9,"Butler",1,"Virginia"
"373","NCAA, South - Second Round","2016","3","19",61,73,9,"UConn",1,"Kansas"
"374","NCAA, East - Second Round","2016","3","19",66,85,9,"Providence",1,"UNC"
"375","NCAA, Midwest - Second Round","2016","3","19",82,59,11,"Gonzaga",3,"Utah"
"376","NCAA, South - Second Round","2016","3","19",57,65,11,"Wichita State",3,"Miami FL"
"377","NCAA, Midwest - Second Round","2016","3","19",61,78,12,"Little Rock",4,"Iowa State"
"378","NCAA, East - Second Round","2016","3","19",73,67,5,"Indiana",4,"Kentucky"
"379","NCAA, West - Second Round","2016","3","19",64,71,12,"Yale",4,"Duke"
"380","NCAA, West - Second Round","2016","3","20",64,69,8,"St Josephs",1,"Oregon"
"381","NCAA, South - Second Round","2016","3","20",68,87,7,"Iowa",2,"Villanova"
"382","NCAA, West - Second Round","2016","3","20",81,85,10,"VCU",2,"Oklahoma"
"383","NCAA, East - Second Round","2016","3","20",66,63,7,"Wisconsin",2,"Xavier"
"384","NCAA, West - Second Round","2016","3","20",88,92,11,"Northern Iowa",3,"Texas AM"
"385","NCAA, South - Second Round","2016","3","20",60,73,13,"Hawaii",5,"Maryland"
"386","NCAA, East - Second Round","2016","3","20",75,76,14,"Stephen F Austin",6,"Notre Dame"
"387","NCAA, Midwest - Second Round","2016","3","20",50,75,15,"Middle Tennessee",10,"Syracuse"
"388","NCAA, West - Regional Semifinal","2016","3","24",68,82,4,"Duke",1,"Oregon"
"389","NCAA, South - Regional Semifinal","2016","3","24",63,79,5,"Maryland",1,"Kansas"
"390","NCAA, South - Regional Semifinal","2016","3","24",69,92,3,"Miami FL",2,"Villanova"
"391","NCAA, West - Regional Semifinal","2016","3","24",63,77,3,"Texas AM",2,"Oklahoma"
"392","NCAA, East - Regional Semifinal","2016","3","25",86,101,5,"Indiana",1,"UNC"
"393","NCAA, Midwest - Regional Semifinal","2016","3","25",71,84,4,"Iowa State",1,"Virginia"
"394","NCAA, East - Regional Semifinal","2016","3","25",56,61,7,"Wisconsin",6,"Notre Dame"
"395","NCAA, Midwest - Regional Semifinal","2016","3","25",60,63,11,"Gonzaga",10,"Syracuse"
"396","NCAA, West - Regional Final","2016","3","26",80,68,2,"Oklahoma",1,"Oregon"
"397","NCAA, South - Regional Final","2016","3","26",64,59,2,"Villanova",1,"Kansas"
"398","NCAA, East - Regional Final","2016","3","27",74,88,6,"Notre Dame",1,"UNC"
"399","NCAA, Midwest - Regional Final","2016","3","27",68,62,10,"Syracuse",1,"Virginia"
"400","NCAA, National - National Semifinal","2016","4","2",66,83,10,"Syracuse",1,"UNC"
"401","NCAA, National - National Semifinal","2016","4","2",95,51,2,"Villanova",2,"Oklahoma"
"402","NCAA, National - National Final","2016","4","4",77,74,2,"Villanova",1,"UNC"
"403","NCAA, South - First Four","2017","3","14",88,95,11,"Wake Forest",11,"Kansas State"
"404","NCAA, East - First Four","2017","3","14",66,67,16,"New Orleans",16,"Mount St Marys"
"405","NCAA, East - First Four","2017","3","15",75,71,11,"USC",11,"Providence"
"406","NCAA, Midwest - First Four","2017","3","15",67,63,16,"UCDavis",16,"North Carolina Central"
"407","NCAA, East - First Round","2017","3","16",56,76,16,"Mount St Marys",1,"Villanova"
"408","NCAA, West - First Round","2017","3","16",46,66,16,"South Dakota State",1,"Gonzaga"
"409","NCAA, West - First Round","2017","3","16",82,100,15,"North Dakota",2,"Arizona"
"410","NCAA, West - First Round","2017","3","16",80,86,14,"Florida Gulf Coast",3,"Florida State"
"411","NCAA, West - First Round","2017","3","16",80,86,13,"Bucknell",4,"West Virginia"
"412","NCAA, East - First Round","2017","3","16",65,80,13,"ETSU",4,"Florida"
"413","NCAA, Midwest - First Round","2017","3","16",70,80,13,"Vermont",4,"Purdue"
"414","NCAA, South - First Round","2017","3","16",64,76,13,"Winthrop",4,"Butler"
"415","NCAA, South - First Round","2017","3","16",81,72,12,"Middle Tennessee",5,"Minnesota"
"416","NCAA, Midwest - First Round","2017","3","16",73,84,12,"Nevada",5,"Iowa State"
"417","NCAA, East - First Round","2017","3","16",71,76,12,"UNC Wilmington",5,"Virginia"
"418","NCAA, West - First Round","2017","3","16",58,60,12,"Princeton",5,"Notre Dame"
"419","NCAA, West - First Round","2017","3","16",76,65,11,"Xavier",6,"Maryland"
"420","NCAA, West - First Round","2017","3","16",77,85,10,"VCU",7,"Saint Marys"
"421","NCAA, West - First Round","2017","3","16",66,68,9,"Vanderbilt",8,"Northwestern"
"422","NCAA, East - First Round","2017","3","16",74,84,9,"Virginia Tech",8,"Wisconsin"
"423","NCAA, Midwest - First Round","2017","3","17",62,100,16,"UCDavis",1,"Kansas"
"424","NCAA, South - First Round","2017","3","17",64,103,16,"Texas Southern",1,"UNC"
"425","NCAA, Midwest - First Round","2017","3","17",63,78,15,"Jacksonville State",2,"Louisville"
"426","NCAA, South - First Round","2017","3","17",70,79,15,"Northern Kentucky",2,"Kentucky"
"427","NCAA, East - First Round","2017","3","17",65,87,15,"Troy",2,"Duke"
"428","NCAA, Midwest - First Round","2017","3","17",77,93,14,"Iona",3,"Oregon"
"429","NCAA, South - First Round","2017","3","17",80,97,14,"Kent State",3,"UCLA"
"430","NCAA, East - First Round","2017","3","17",73,91,14,"New Mexico State",3,"Baylor"
"431","NCAA, South - First Round","2017","3","17",61,75,11,"Kansas State",6,"Cincinnati"
"432","NCAA, Midwest - First Round","2017","3","17",84,72,11,"Rhode Island",6,"Creighton"
"433","NCAA, East - First Round","2017","3","17",66,65,11,"USC",6,"SMU"
"434","NCAA, East - First Round","2017","3","17",73,93,10,"Marquette",7,"South Carolina"
"435","NCAA, Midwest - First Round","2017","3","17",91,92,10,"Oklahoma State",7,"Michigan"
"436","NCAA, South - First Round","2017","3","17",64,58,10,"Wichita State",7,"Dayton"
"437","NCAA, Midwest - First Round","2017","3","17",78,58,9,"Michigan State",8,"Miami FL"
"438","NCAA, South - First Round","2017","3","17",71,77,9,"Seton Hall",8,"Arkansas"
"439","NCAA, West - Second Round","2017","3","18",73,79,8,"Northwestern",1,"Gonzaga"
"440","NCAA, East - Second Round","2017","3","18",65,62,8,"Wisconsin",1,"Villanova"
"441","NCAA, West - Second Round","2017","3","18",60,69,7,"Saint Marys",2,"Arizona"
"442","NCAA, West - Second Round","2017","3","18",91,66,11,"Xavier",3,"Florida State"
"443","NCAA, Midwest - Second Round","2017","3","18",76,80,5,"Iowa State",4,"Purdue"
"444","NCAA, South - Second Round","2017","3","18",65,74,12,"Middle Tennessee",4,"Butler"
"445","NCAA, West - Second Round","2017","3","18",71,83,5,"Notre Dame",4,"West Virginia"
"446","NCAA, East - Second Round","2017","3","18",39,65,5,"Virginia",4,"Florida"
"447","NCAA, South - Second Round","2017","3","19",65,72,8,"Arkansas",1,"UNC"
"448","NCAA, Midwest - Second Round","2017","3","19",70,90,9,"Michigan State",1,"Kansas"
"449","NCAA, Midwest - Second Round","2017","3","19",73,69,7,"Michigan",2,"Louisville"
"450","NCAA, East - Second Round","2017","3","19",88,81,7,"South Carolina",2,"Duke"
"451","NCAA, South - Second Round","2017","3","19",62,65,10,"Wichita State",2,"Kentucky"
"452","NCAA, South - Second Round","2017","3","19",67,79,6,"Cincinnati",3,"UCLA"
"453","NCAA, Midwest - Second Round","2017","3","19",72,75,11,"Rhode Island",3,"Oregon"
"454","NCAA, East - Second Round","2017","3","19",78,82,11,"USC",3,"Baylor"
"455","NCAA, Midwest - Regional Semifinal","2017","3","23",66,98,4,"Purdue",1,"Kansas"
"456","NCAA, West - Regional Semifinal","2017","3","23",58,61,4,"West Virginia",1,"Gonzaga"
"457","NCAA, West - Regional Semifinal","2017","3","23",73,71,11,"Xavier",2,"Arizona"
"458","NCAA, Midwest - Regional Semifinal","2017","3","23",68,69,7,"Michigan",3,"Oregon"
"459","NCAA, South - Regional Semifinal","2017","3","24",80,92,4,"Butler",1,"UNC"
"460","NCAA, South - Regional Semifinal","2017","3","24",75,86,3,"UCLA",2,"Kentucky"
"461","NCAA, East - Regional Semifinal","2017","3","24",70,50,7,"South Carolina",3,"Baylor"
"462","NCAA, East - Regional Semifinal","2017","3","24",83,84,8,"Wisconsin",4,"Florida"
"463","NCAA, Midwest - Regional Final","2017","3","25",74,60,3,"Oregon",1,"Kansas"
"464","NCAA, West - Regional Final","2017","3","25",59,83,11,"Xavier",1,"Gonzaga"
"465","NCAA, South - Regional Final","2017","3","26",73,75,2,"Kentucky",1,"UNC"
"466","NCAA, East - Regional Final","2017","3","26",77,70,7,"South Carolina",4,"Florida"
"467","NCAA, National - National Semifinal","2017","4","1",76,77,3,"Oregon",1,"UNC"
"468","NCAA, National - National Semifinal","2017","4","1",73,77,7,"South Carolina",1,"Gonzaga"
"469","NCAA, National - National Final","2017","4","3",65,71,1,"Gonzaga",1,"UNC"
"470","NCAA, East - First Four","2018","3","13",65,58,11,"St Bonaventure",11,"UCLA"
"471","NCAA, East - First Four","2018","3","13",61,71,16,"LIU",16,"Radford"
"472","NCAA, Midwest - First Four","2018","3","14",60,56,11,"Syracuse",11,"Arizona State"
"473","NCAA, West - First Four","2018","3","14",64,46,16,"Texas Southern",16,"North Carolina Central"
"474","NCAA, Midwest - First Round","2018","3","15",60,76,16,"Penn",1,"Kansas"
"475","NCAA, East - First Round","2018","3","15",61,87,16,"Radford",1,"Villanova"
"476","NCAA, Midwest - First Round","2018","3","15",67,89,15,"Iona",2,"Duke"
"477","NCAA, West - First Round","2018","3","15",47,61,14,"Montana",3,"Michigan"
"478","NCAA, East - First Round","2018","3","15",60,70,14,"Stephen F Austin",3,"Texas Tech"
"479","NCAA, South - First Round","2018","3","15",47,73,14,"Wright State",3,"Tennessee"
"480","NCAA, South - First Round","2018","3","15",89,68,13,"Buffalo",4,"Arizona"
"481","NCAA, West - First Round","2018","3","15",64,68,13,"UNC Greensboro",4,"Gonzaga"
"482","NCAA, South - First Round","2018","3","15",73,78,12,"Davidson",5,"Kentucky"
"483","NCAA, West - First Round","2018","3","15",73,81,12,"South Dakota State",5,"Ohio State"
"484","NCAA, South - First Round","2018","3","15",64,62,11,"Loyola IL",6,"Miami FL"
"485","NCAA, West - First Round","2018","3","15",65,67,11,"San Diego State",6,"Houston"
"486","NCAA, East - First Round","2018","3","15",62,77,11,"St Bonaventure",6,"Florida"
"487","NCAA, Midwest - First Round","2018","3","15",78,83,10,"Oklahoma",7,"Rhode Island"
"488","NCAA, East - First Round","2018","3","15",86,83,9,"Alabama",8,"Virginia Tech"
"489","NCAA, Midwest - First Round","2018","3","15",83,94,9,"NC State",8,"Seton Hall"
"490","NCAA, South - First Round","2018","3","16",74,54,16,"UMBC",1,"Virginia"
"491","NCAA, West - First Round","2018","3","16",83,102,16,"Texas Southern",1,"Xavier"
"492","NCAA, East - First Round","2018","3","16",48,74,15,"Cal State Fullerton",2,"Purdue"
"493","NCAA, South - First Round","2018","3","16",53,68,15,"Georgia State",2,"Cincinnati"
"494","NCAA, West - First Round","2018","3","16",66,84,15,"Lipscomb",2,"UNC"
"495","NCAA, Midwest - First Round","2018","3","16",78,82,14,"Bucknell",3,"Michigan State"
"496","NCAA, Midwest - First Round","2018","3","16",58,62,13,"College of Charleston",4,"Auburn"
"497","NCAA, East - First Round","2018","3","16",81,75,13,"Marshall",4,"Wichita State"
"498","NCAA, East - First Round","2018","3","16",68,85,12,"Murray State",5,"West Virginia"
"499","NCAA, Midwest - First Round","2018","3","16",68,79,12,"New Mexico State",5,"Clemson"
"500","NCAA, Midwest - First Round","2018","3","16",57,52,11,"Syracuse",6,"TCU"
"501","NCAA, East - First Round","2018","3","16",79,62,10,"Butler",7,"Arkansas"
"502","NCAA, West - First Round","2018","3","16",69,73,10,"Providence",7,"Texas AM"
"503","NCAA, South - First Round","2018","3","16",83,87,10,"Texas",7,"Nevada"
"504","NCAA, West - First Round","2018","3","16",67,54,9,"Florida State",8,"Missouri"
"505","NCAA, South - First Round","2018","3","16",69,59,9,"Kansas State",8,"Creighton"
"506","NCAA, East - Second Round","2018","3","17",58,81,9,"Alabama",1,"Villanova"
"507","NCAA, Midwest - Second Round","2018","3","17",79,83,8,"Seton Hall",1,"Kansas"
"508","NCAA, Midwest - Second Round","2018","3","17",62,87,7,"Rhode Island",2,"Duke"
"509","NCAA, East - Second Round","2018","3","17",66,69,6,"Florida",3,"Texas Tech"
"510","NCAA, West - Second Round","2018","3","17",63,64,6,"Houston",3,"Michigan"
"511","NCAA, South - Second Round","2018","3","17",63,62,11,"Loyola IL",3,"Tennessee"
"512","NCAA, West - Second Round","2018","3","17",84,90,5,"Ohio State",4,"Gonzaga"
"513","NCAA, South - Second Round","2018","3","17",75,95,13,"Buffalo",5,"Kentucky"
"514","NCAA, West - Second Round","2018","3","18",75,70,9,"Florida State",1,"Xavier"
"515","NCAA, East - Second Round","2018","3","18",73,76,10,"Butler",2,"Purdue"
"516","NCAA, South - Second Round","2018","3","18",75,73,7,"Nevada",2,"Cincinnati"
"517","NCAA, West - Second Round","2018","3","18",86,65,7,"Texas AM",2,"UNC"
"518","NCAA, Midwest - Second Round","2018","3","18",55,53,11,"Syracuse",3,"Michigan State"
"519","NCAA, Midwest - Second Round","2018","3","18",84,53,5,"Clemson",4,"Auburn"
"520","NCAA, East - Second Round","2018","3","18",71,94,13,"Marshall",5,"West Virginia"
"521","NCAA, South - Second Round","2018","3","18",43,50,16,"UMBC",9,"Kansas State"
"522","NCAA, West - Regional Semifinal","2018","3","22",72,99,7,"Texas AM",3,"Michigan"
"523","NCAA, West - Regional Semifinal","2018","3","22",75,60,9,"Florida State",4,"Gonzaga"
"524","NCAA, South - Regional Semifinal","2018","3","22",61,58,9,"Kansas State",5,"Kentucky"
"525","NCAA, South - Regional Semifinal","2018","3","22",69,68,11,"Loyola IL",7,"Nevada"
"526","NCAA, Midwest - Regional Semifinal","2018","3","23",76,80,5,"Clemson",1,"Kansas"
"527","NCAA, East - Regional Semifinal","2018","3","23",78,90,5,"West Virginia",1,"Villanova"
"528","NCAA, Midwest - Regional Semifinal","2018","3","23",65,69,11,"Syracuse",2,"Duke"
"529","NCAA, East - Regional Semifinal","2018","3","23",78,65,3,"Texas Tech",2,"Purdue"
"530","NCAA, West - Regional Final","2018","3","24",54,58,9,"Florida State",3,"Michigan"
"531","NCAA, South - Regional Final","2018","3","24",78,62,11,"Loyola IL",9,"Kansas State"
"532","NCAA, Midwest - Regional Final","2018","3","25",81,85,2,"Duke",1,"Kansas"
"533","NCAA, East - Regional Final","2018","3","25",59,71,3,"Texas Tech",1,"Villanova"
"534","NCAA, National - National Semifinal","2018","3","31",95,79,1,"Villanova",1,"Kansas"
"535","NCAA, National - National Semifinal","2018","3","31",57,69,11,"Loyola IL",3,"Michigan"
"536","NCAA, National - National Final","2018","4","2",62,79,3,"Michigan",1,"Villanova"
"537","NCAA, East - First Four","2019","3","19",70,81,11,"Temple",11,"Belmont"
"538","NCAA, West - First Four","2019","3","19",82,76,16,"Fairleigh Dickinson",16,"Prairie View"
"539","NCAA, West - First Four","2019","3","20",65,74,11,"St Johns NY",11,"Arizona State"
"540","NCAA, East - First Four","2019","3","20",74,78,16,"North Carolina Central",16,"North Dakota State"
"541","NCAA, West - First Round","2019","3","21",49,87,16,"Fairleigh Dickinson",1,"Gonzaga"
"542","NCAA, Midwest - First Round","2019","3","21",44,79,15,"Abilene Christian",2,"Kentucky"
"543","NCAA, East - First Round","2019","3","21",65,76,15,"Bradley",2,"Michigan State"
"544","NCAA, West - First Round","2019","3","21",55,74,15,"Montana",2,"Michigan"
"545","NCAA, South - First Round","2019","3","21",48,61,14,"Old Dominion",3,"Purdue"
"546","NCAA, East - First Round","2019","3","21",74,79,14,"Yale",3,"LSU"
"547","NCAA, Midwest - First Round","2019","3","21",53,87,13,"Northeastern",4,"Kansas"
"548","NCAA, West - First Round","2019","3","21",69,76,13,"Vermont",4,"Florida State"
"549","NCAA, West - First Round","2019","3","21",83,64,12,"Murray State",5,"Marquette"
"550","NCAA, Midwest - First Round","2019","3","21",77,78,12,"New Mexico State",5,"Auburn"
"551","NCAA, East - First Round","2019","3","21",77,79,11,"Belmont",6,"Maryland"
"552","NCAA, South - First Round","2019","3","21",57,61,11,"Saint Marys",6,"Villanova"
"553","NCAA, West - First Round","2019","3","21",70,61,10,"Florida",7,"Nevada"
"554","NCAA, East - First Round","2019","3","21",86,76,10,"Minnesota",7,"Louisville"
"555","NCAA, Midwest - First Round","2019","3","21",68,84,10,"Seton Hall",7,"Wofford"
"556","NCAA, West - First Round","2019","3","21",78,69,9,"Baylor",8,"Syracuse"
"557","NCAA, South - First Round","2019","3","22",56,71,16,"GardnerWebb",1,"Virginia"
"558","NCAA, Midwest - First Round","2019","3","22",73,88,16,"Iona",1,"UNC"
"559","NCAA, East - First Round","2019","3","22",62,85,16,"North Dakota State",1,"Duke"
"560","NCAA, South - First Round","2019","3","22",70,77,15,"Colgate",2,"Tennessee"
"561","NCAA, Midwest - First Round","2019","3","22",55,84,14,"Georgia State",3,"Houston"
"562","NCAA, West - First Round","2019","3","22",57,72,14,"Northern Kentucky",3,"Texas Tech"
"563","NCAA, South - First Round","2019","3","22",70,64,13,"UCIrvine",4,"Kansas State"
"564","NCAA, East - First Round","2019","3","22",52,66,13,"Saint Louis",4,"Virginia Tech"
"565","NCAA, East - First Round","2019","3","22",80,76,12,"Liberty",5,"Mississippi State"
"566","NCAA, South - First Round","2019","3","22",72,54,12,"Oregon",5,"Wisconsin"
"567","NCAA, West - First Round","2019","3","22",74,91,11,"Arizona State",6,"Buffalo"
"568","NCAA, Midwest - First Round","2019","3","22",62,59,11,"Ohio State",6,"Iowa State"
"569","NCAA, South - First Round","2019","3","22",79,72,10,"Iowa",7,"Cincinnati"
"570","NCAA, East - First Round","2019","3","22",73,58,9,"UCF",8,"VCU"
"571","NCAA, South - First Round","2019","3","22",95,72,9,"Oklahoma",8,"Ole Miss"
"572","NCAA, Midwest - First Round","2019","3","22",78,61,9,"Washington",8,"Utah State"
"573","NCAA, West - Second Round","2019","3","23",71,83,9,"Baylor",1,"Gonzaga"
"574","NCAA, West - Second Round","2019","3","23",49,64,10,"Florida",2,"Michigan"
"575","NCAA, East - Second Round","2019","3","23",50,70,10,"Minnesota",2,"Michigan State"
"576","NCAA, Midwest - Second Round","2019","3","23",56,62,7,"Wofford",2,"Kentucky"
"577","NCAA, East - Second Round","2019","3","23",67,69,6,"Maryland",3,"LSU"
"578","NCAA, South - Second Round","2019","3","23",61,87,6,"Villanova",3,"Purdue"
"579","NCAA, Midwest - Second Round","2019","3","23",89,75,5,"Auburn",4,"Kansas"
"580","NCAA, West - Second Round","2019","3","23",62,90,12,"Murray State",4,"Florida State"
"581","NCAA, East - Second Round","2019","3","24",76,77,9,"UCF",1,"Duke"
"582","NCAA, South - Second Round","2019","3","24",51,63,9,"Oklahoma",1,"Virginia"
"583","NCAA, Midwest - Second Round","2019","3","24",59,81,9,"Washington",1,"UNC"
"584","NCAA, South - Second Round","2019","3","24",77,83,10,"Iowa",2,"Tennessee"
"585","NCAA, West - Second Round","2019","3","24",58,78,6,"Buffalo",3,"Texas Tech"
"586","NCAA, Midwest - Second Round","2019","3","24",59,74,11,"Ohio State",3,"Houston"
"587","NCAA, East - Second Round","2019","3","24",58,67,12,"Liberty",4,"Virginia Tech"
"588","NCAA, South - Second Round","2019","3","24",54,73,13,"UCIrvine",12,"Oregon"
"589","NCAA, West - Regional Semifinal","2019","3","28",58,72,4,"Florida State",1,"Gonzaga"
"590","NCAA, South - Regional Semifinal","2019","3","28",49,53,12,"Oregon",1,"Virginia"
"591","NCAA, South - Regional Semifinal","2019","3","28",99,94,3,"Purdue",2,"Tennessee"
"592","NCAA, West - Regional Semifinal","2019","3","28",63,44,3,"Texas Tech",2,"Michigan"
"593","NCAA, Midwest - Regional Semifinal","2019","3","29",97,80,5,"Auburn",1,"UNC"
"594","NCAA, East - Regional Semifinal","2019","3","29",73,75,4,"Virginia Tech",1,"Duke"
"595","NCAA, Midwest - Regional Semifinal","2019","3","29",58,62,3,"Houston",2,"Kentucky"
"596","NCAA, East - Regional Semifinal","2019","3","29",63,80,3,"LSU",2,"Michigan State"
"597","NCAA, South - Regional Final","2019","3","30",75,80,3,"Purdue",1,"Virginia"
"598","NCAA, West - Regional Final","2019","3","30",75,69,3,"Texas Tech",1,"Gonzaga"
"599","NCAA, East - Regional Final","2019","3","31",68,67,2,"Michigan State",1,"Duke"
"600","NCAA, Midwest - Regional Final","2019","3","31",77,71,5,"Auburn",2,"Kentucky"
"601","NCAA, National - National Semifinal","2019","4","6",62,63,5,"Auburn",1,"Virginia"
"602","NCAA, National - National Semifinal","2019","4","6",61,51,3,"Texas Tech",2,"Michigan State"
"603","NCAA, National - National Final","2019","4","8",77,85,3,"Texas Tech",1,"Virginia"
"604","NCAA, West - First Four","2021","3","18",53,52,11,"Drake",11,"Wichita State"
"605","NCAA, East - First Four","2021","3","18",86,80,11,"UCLA",11,"Michigan State"
"606","NCAA, West - First Four","2021","3","18",53,54,16,"Appalachian State",16,"Norfolk State"
"607","NCAA, East - First Four","2021","3","18",60,52,16,"Texas Southern",16,"Mount St Marys"
"608","NCAA, Midwest - First Round","2021","3","19",49,78,16,"Drexel",1,"Illinois"
"609","NCAA, South - First Round","2021","3","19",55,79,16,"Hartford",1,"Baylor"
"610","NCAA, Midwest - First Round","2021","3","19",56,87,15,"Cleveland State",2,"Houston"
"611","NCAA, South - First Round","2021","3","19",75,72,15,"Oral Roberts",2,"Ohio State"
"612","NCAA, South - First Round","2021","3","19",68,85,14,"Colgate",3,"Arkansas"
"613","NCAA, Midwest - First Round","2021","3","19",67,84,14,"Morehead State",3,"West Virginia"
"614","NCAA, Midwest - First Round","2021","3","19",60,69,13,"Liberty",4,"Oklahoma State"
"615","NCAA, South - First Round","2021","3","19",78,69,13,"North Texas",4,"Purdue"
"616","NCAA, Midwest - First Round","2021","3","19",70,56,12,"Oregon State",5,"Tennessee"
"617","NCAA, South - First Round","2021","3","19",63,73,12,"Winthrop",5,"Villanova"
"618","NCAA, Midwest - First Round","2021","3","19",78,62,11,"Syracuse",6,"San Diego State"
"619","NCAA, South - First Round","2021","3","19",53,65,11,"Utah State",6,"Texas Tech"
"620","NCAA, Midwest - First Round","2021","3","19",60,56,10,"Rutgers",7,"Clemson"
"621","NCAA, South - First Round","2021","3","19",70,75,10,"Virginia Tech",7,"Florida"
"622","NCAA, Midwest - First Round","2021","3","19",60,71,9,"Georgia Tech",8,"Loyola IL"
"623","NCAA, South - First Round","2021","3","19",85,62,9,"Wisconsin",8,"UNC"
"624","NCAA, West - First Round","2021","3","20",55,98,16,"Norfolk State",1,"Gonzaga"
"625","NCAA, East - First Round","2021","3","20",66,82,16,"Texas Southern",1,"Michigan"
"626","NCAA, West - First Round","2021","3","20",74,86,15,"Grand Canyon",2,"Iowa"
"627","NCAA, East - First Round","2021","3","20",55,68,15,"Iona",2,"Alabama"
"628","NCAA, East - First Round","2021","3","20",53,52,14,"Abilene Christian",3,"Texas"
"629","NCAA, West - First Round","2021","3","20",84,93,14,"Eastern Washington",3,"Kansas"
"630","NCAA, East - First Round","2021","3","20",54,64,13,"UNC Greensboro",4,"Florida State"
"631","NCAA, West - First Round","2021","3","20",62,58,13,"Ohio",4,"Virginia"
"632","NCAA, West - First Round","2021","3","20",62,63,12,"UCSB",5,"Creighton"
"633","NCAA, East - First Round","2021","3","20",73,96,12,"Georgetown",5,"Colorado"
"634","NCAA, West - First Round","2021","3","20",56,72,11,"Drake",6,"USC"
"635","NCAA, East - First Round","2021","3","20",73,62,11,"UCLA",6,"BYU"
"636","NCAA, East - First Round","2021","3","20",63,54,10,"Maryland",7,"UConn"
"637","NCAA, West - First Round","2021","3","20",NA,NA,10,"VCU",7,"Oregon"
"638","NCAA, West - First Round","2021","3","20",68,72,9,"Missouri",8,"Oklahoma"
"639","NCAA, East - First Round","2021","3","20",61,76,9,"St Bonaventure",8,"LSU"
"640","NCAA, Midwest - Second Round","2021","3","21",71,58,8,"Loyola IL",1,"Illinois"
"641","NCAA, South - Second Round","2021","3","21",63,76,9,"Wisconsin",1,"Baylor"
"642","NCAA, Midwest - Second Round","2021","3","21",60,63,10,"Rutgers",2,"Houston"
"643","NCAA, Midwest - Second Round","2021","3","21",75,72,11,"Syracuse",3,"West Virginia"
"644","NCAA, South - Second Round","2021","3","21",66,68,6,"Texas Tech",3,"Arkansas"
"645","NCAA, Midwest - Second Round","2021","3","21",80,70,12,"Oregon State",4,"Oklahoma State"
"646","NCAA, South - Second Round","2021","3","21",61,84,13,"North Texas",5,"Villanova"
"647","NCAA, South - Second Round","2021","3","21",81,78,15,"Oral Roberts",7,"Florida"
"648","NCAA, East - Second Round","2021","3","22",78,86,8,"LSU",1,"Michigan"
"649","NCAA, West - Second Round","2021","3","22",71,87,8,"Oklahoma",1,"Gonzaga"
"650","NCAA, East - Second Round","2021","3","22",77,96,10,"Maryland",2,"Alabama"
"651","NCAA, West - Second Round","2021","3","22",95,80,7,"Oregon",2,"Iowa"
"652","NCAA, West - Second Round","2021","3","22",85,51,6,"USC",3,"Kansas"
"653","NCAA, East - Second Round","2021","3","22",53,71,5,"Colorado",4,"Florida State"
"654","NCAA, West - Second Round","2021","3","22",58,72,13,"Ohio",5,"Creighton"
"655","NCAA, East - Second Round","2021","3","22",47,67,14,"Abilene Christian",11,"UCLA"
"656","NCAA, South - Regional Semifinal","2021","3","27",51,62,5,"Villanova",1,"Baylor"
"657","NCAA, Midwest - Regional Semifinal","2021","3","27",46,62,11,"Syracuse",2,"Houston"
"658","NCAA, South - Regional Semifinal","2021","3","27",70,72,15,"Oral Roberts",3,"Arkansas"
"659","NCAA, Midwest - Regional Semifinal","2021","3","27",65,58,12,"Oregon State",8,"Loyola IL"
"660","NCAA, West - Regional Semifinal","2021","3","28",65,83,5,"Creighton",1,"Gonzaga"
"661","NCAA, East - Regional Semifinal","2021","3","28",58,76,4,"Florida State",1,"Michigan"
"662","NCAA, East - Regional Semifinal","2021","3","28",88,78,11,"UCLA",2,"Alabama"
"663","NCAA, West - Regional Semifinal","2021","3","28",68,82,7,"Oregon",6,"USC"
"664","NCAA, South - Regional Final","2021","3","29",72,81,3,"Arkansas",1,"Baylor"
"665","NCAA, Midwest - Regional Final","2021","3","29",61,67,12,"Oregon State",2,"Houston"
"666","NCAA, West - Regional Final","2021","3","30",66,85,6,"USC",1,"Gonzaga"
"667","NCAA, East - Regional Final","2021","3","30",51,49,11,"UCLA",1,"Michigan"
"668","NCAA, National - National Semifinal","2021","4","3",59,78,2,"Houston",1,"Baylor"
"669","NCAA, National - National Semifinal","2021","4","3",90,93,11,"UCLA",1,"Gonzaga"
"670","NCAA, National - National Final","2021","4","5",86,70,1,"Baylor",1,"Gonzaga"
